country,revenue
IN,83.48500740766129
International,16.48653417257811
