day_of_week,revenue
Monday,8895792.871159343
Tuesday,9841598.27137639
Wednesday,8752360.42970884
Thursday,8636829.233695077
Friday,8767320.755796717
Saturday,8844840.723912124
Sunday,7863413.23623081
