country,revenue
IN,51428564.10071996
International,10156060.421159344
