country,revenue
IN,83.5134658274219
International,16.48653417257811
