country,revenue
IN,51446095.10071996
International,10156060.421159344
